full_text,stemmed_text
bukane uu sudah berubah militer atau polri aktif bisa isi jabatan publik g da ruang bagi warga biasa,bukane ubah militer polri aktif isi jabat publik ruang warga biasa
keluarga besar ssdm polri mengucapkan selamat atas dilantiknya komjen pol purn drs agus andrianto sh mh sebagai menteri imigrasi dan pemasyarakatan dalam kabinet merah putih periode semoga amanah besar yang diemban dapat dilaksanakan dengan penuh tanggung jawab,keluarga besar ssdm polri ucap selamat atas lantik komjen pol purn drs agus andrianto menteri imigrasi masyarakat kabinet merah putih periode moga amanah besar emban laksana penuh tanggung jawab
gini gini aja nich pak ayok pak kerja dong masak liat ginian g mau gerak,nich pak ayok pak kerja dong masak liat ginian mau gerak
apel bersama tni dan polri merupakan wujud sinergitas dan kekompakan sebagai pelayan masyarakat,apel sama tni polri wujud sinergitas kompak layan masyarakat
bukan cm timnas yg butuh naturalisasi ndanaknya pak presiden salah nempatkan pak erick thohir di kemenbumn,timnas butuh naturalisasi ndanaknya pak presiden salah nempatkan pak erick thohir kemenbumn
haloo sobat polri stop pembakaran hutan dan lahan,haloo sobat polri stop bakar hutan lahan
hari lagi menuju pilkada serentak tahun polri,hari tuju pilkada serentak tahun polri
yaaah balik lagi dah polisinya,yaaah balik dah polisi
perwira lemdiklat polri dimutasi september jadi kapolres hingga ketua stik,perwira lemdiklat polri mutasi september jadi kapolres ketua stik
setuju pk tu ahy menkonya bagus suruh benahi kementerian di bidang hukum bersihkan polri kejari ma dari kkn dgn tegas bersihkan mereka dari jakarta pk gak bisa dari daerah,tuju ahy menkonya bagus suruh benah menteri bidang hukum sih polri kejar kkn tegas sih jakarta daerah
emangnya yg lu bawa kalo beneran pilotnya zionis israel ato kafir harbi ato negara kita dalam kondisi perang syahid dari hongkong kalo membunuh sesama muslim blog makanya ngaji biargak dikotorin paham extrimis cc,emang bawa kalo beneran pilot zionis israel ato kafir harbi ato negara kondisi perang syahid hongkong kalo bunuh sama muslim blog makanya ngaji biargak dikotorin paham extrimis
liciknya itu tni dan polri dari kabinet jokowi menutup gerak prabowo,licik tni polri kabinet jokowi tutup gerak prabowo
melawan ptdh rudy soik polisi pengungkap penimbunan bbm di ntt berniat datangi mabes polri,lawan ptdh rudy soik polisi ungkap timbun bbm ntt niat datang mabes polri
pecat anggota bapak gak pantas ada intansi kepolisian ri model begini pak itu guru gak bersalah dan tdk melakukan kekerasan terhadap guru jika bapak gak pecat anggota bapak itu rakyat tidak akan percaya lagi dgn polisi bikin malu kepolisian ri,pecat anggota bapak pantas intansi polisi model pak guru salah laku keras guru bapak pecat anggota bapak rakyat percaya polisi bikin malu polisi
kamu aja tunggu ditangkap kalau pak jokowi itu kesayangan rakyat indonesia begitu bro,tunggu tangkap pak jokowi sayang rakyat indonesia bro
politik comberan ala mulyono,politik comberan ala mulyono
indonesia bukan kacung manusia gurun,indonesia kacung manusia gurun
jenderal brengsek ah polisi,jenderal brengsek polisi
kalau benar juber ini sebaiknya di atensi oleh,benar juber baik atensi
halo tangkap itu pemilik akun catatanali jangan sdanai terlambat mengantisipasi hal buruk,halo tangkap milik akun catatanali jangan sdanai lambat antisipasi buruk
jalin kedekatan dengan warga kanit binmas polsek senori polres tuban polda jatim ikuti kerja bhakti bersama warga desa medalem,jalin dekat warga kanit binmas polsek senori polres tuban polda jatim ikut kerja bhakti sama warga desa medalem
semoga pak prabowo tegas,moga pak prabowo tegas
live report giat patroli subuh piket sat lantas prabumulih di jl jend sudirman kota prabumulih jumat oktober,live report giat patroli subuh piket sat lantas prabumulih jend sudirman kota prabumulih jumat oktober
giat patroli subuh piket sat lantas prabumulih di jl jend sudirman kota prabumulih jumat oktober,giat patroli subuh piket sat lantas prabumulih jend sudirman kota prabumulih jumat oktober
penjual seprei ada ajah gebrakannya ngedoain yg jelek jelek mulu blm menang giveaway kali tuh orang,jual seprei ajah gebrak ngedoain jelek jelek mulu blm menang giveaway kali orang
kalo ini benar adanya sebaiknya polri direinstall saja kalo msih dipertahankan akan semakin blunder,kalo benar ada baik polri direinstall kalo msih tahan makin blunder
sama anjing maksudnya,sama anjing maksud
respon cepat polres metro jakarta pusat atas keresahan aksi tawuran dan peredaran obat keras tramadol polri,respon cepat polres metro jakarta pusat atas resah aksi tawur edar obat keras tramadol polri
ini intervensi namanya agar kasus seakan surpriyani yg melakukan padahal sudah sidang tak ada kaitannya lagi dengan kepolisian semua bakal terbuka dipersidangan kenapa polisi yg malah jadi seakan takut kalau terbuka bukti polri tidak netral di kasus ini,intervensi nama kasus akan surpriyani laku padahal sidang tak kait polisi bakal buka sidang polisi malah jadi akan takut buka bukti polri netral kasus
jt sih mayan mak,mayan mak
khawarij medsos tolol yg sok jago kau ni ni sdh masuk pengancaman lo nanti di datangi densus kau ini nangis dan playing victim malu in umat islam sj kau ini,khawarij medsos tolol sok jago masuk ancam datang densus nang playing victim malu umat islam
istri si wibowo harus gantian dipenjarakan karena pembohongan publik dan memfitnah orang lain si wibowobjg harus kena sanksi karena aparatur negara tp tidak bisa mendidik keluarganya,istri wibowo ganti penjara bohong publik fitnah orang wibowobjg kena sanksi aparatur negara didik keluarga
heran tapi ini indonesia masak iya sekelas guru honorer bs bayarin aksi segitu banyak dan bayar buzzer mereka bergerak krn empati dan simpati pada sang guruwoy dimane lu diem bae ngapain aja lu masak yg giniÂ² lu pada ga tau sik,heran indonesia masak iya kelas guru honorer bayarin aksi segitu bayar buzzer gerak empati simpati sang guruwoy dimane diem bae ngapain masak gin tau sik
ini sangat memalukan sekali kelakuan para oknum wereng coklat mulai dari pelaku dan para penyidik kelihatan sekali memaksakan kasus yg tdk sesuai dgn pakta alias asal jdi perkara bisa di sidangkan tlg bpk di evaluasi para oknum initkd profesional,malu laku oknum wereng coklat mulai laku sidik lihat paksa kasus sesuai pakta alias asal jdi perkara sidang tlg bpk evaluasi oknum initkd profesional
pak kopolri tolong hal ini disikapi dgn se adilÂ²nx anak buah bpk ini sebaiknya dipecat sj karena tabiat yg buruk tdk ada kompromi pemerasan menambah daftar buruk institusi polri bagaimana rakyat mau percaya ke polri jika trus spti ini ayomi lah kami lindungi kmi rakyat,pak kopolri sikap adil nx anak buah bpk baik pecat tabiat buruk kompromi peras tambah daftar buruk institusi polri rakyat mau percaya polri trus spti ayom lah lindung kmi rakyat
para pensiunan pns tni polri yg berutang ke bank jaminan sk pensiun terpaksa meminjam krn kebutuhan krn gaji kecil juga pasti ngiri mereka pensiunan mengabdi kpd negara ini puluhan tahun yg dr tni polri mempertahankan nkri harga mati dgn pertaruhkan jiwa raga,pensiun pns tni polri utang bank jamin pensiun paksa pinjam butuh gaji kecil ngiri pensiun abdi kpd negara puluh tahun tni polri tahan nkri harga mati taruh jiwa raga
jaga persatuan dan kesatuan mari kita jaga persatuan dan kesatuan di tengah keberagaman jangan biarkan perbedaan pilihan memecah belah kita official polres tuban,jaga satu satu jaga satu satu tengah agam jangan biar beda pilih pecah belah official polres tuban
berarti pelanggaran hukum di daerah sangat masif ya kasus mafia mafia seperti ini bisa jadi sudah biasa kepada yth presiden ri tolong benahi dengan tegas polri jika penegak hukum rusak bagaimana bisa anda memakmurkan nkri,arti langgar hukum daerah masif kasus mafia mafia jadi biasa yth presiden benah tegas polri tegak hukum rusak makmur nkri
gaya penyidik kepolisian ngga pernah berubah suruh ngaku tolong pak sidang perdana kasus guru honorer supriyani dituduh menganiaya siswanya bergulir di pn andoolo konawe selatan massa pgri beri dukungan solidaritas,gaya sidik polisi ngga ubah suruh ngaku pak sidang perdana kasus guru honorer supriyani tuduh aniaya siswa gulir andoolo konawe selatan massa pgri beri dukung solidaritas
berarti kinerja polri harus diperbaiki anggota polri yg terlibat dikasus ini seharusnya dipecatdandihukum karena melakukan tindakan penahanan dengan bukti yg tidak benar dikhawatirkan sudah menjadi kebiasaan,arti kerja polri baik anggota polri libat kasus dipecatdandihukum laku tindak tahan bukti benar khawatir biasa
tangkap orang ini pak udah menantang petugas,tangkap orang pak tantang tugas
akun meresahkan,akun resah
selamat memperingati hari peradaban orang papua ke tahun,selamat ingat hari adab orang papua tahun
warming keras nih buat kejaksaan agung jangan sdanai kasus cirebon terjadi di seluruh nkri harapan kita tinggal kejaksaan yang bisa memvalidasi kasus dg baik karena kita berharap polri ada pembenahan tapi terus aja terjadi kasus semacam ini harus ada lembaga lain yg kredible,warming keras buat jaksa agung jangan sdanai kasus cirebon jadi nkri harap tinggal jaksa memvalidasi kasus baik harap polri benah terus jadi kasus macam lembaga kredible
hari menuju pemungutan suara pilkada serentak,hari tuju mungut suara pilkada serentak
aku berharap di pemerintahan pak prabowo bisa ditindak dg tegas tapi yg jadi pertanyaan apakah berani menangkap nya banyak pendakwah memprovokasi warga yg tujuan nya buat gaduh nkri contoh wayang yg adalah budaya luhur nusantara di bilang haram dan banyak lagi contoh lainnya,harap perintah pak prabowo tindak tegas jadi tanya berani tangkap dakwah provokasi warga tuju buat gaduh nkri contoh wayang budaya luhur nusantara bilang haram contoh lain
nama negara bainya ga usah dicantumkan dispanduk jika untuk buat keonaran dan keresahan dimasyarakat,nama negara bainya usah cantum spanduk buat onar resah masyarakat
silakan anggotanya ditindak min termasuk istrinya kasihan guru yang sudah dipenjara karena fitnah keji suami istri itu,anggota tindak min masuk istri kasihan guru penjara fitnah keji suami istri
gimana bang,gimana bang
modar o kowe hakim sinting,modar kowe hakim sinting
model premanisme seperti ini kenapa masih terus dipelihara pak grib itu dibawah komando hercules,model preman terus pelihara pak grib bawah komando hercules
kasus seperti ini selayak mendapat atensi dari,kasus layak dapat atensi
menurut saya jika bu guru supriyani merasa tdk melakukan pemukulan terhadap murid tsb sebaiknya lapor balik ke polda atau mabes untuk pemulihan nama baiknya saya yakin akan dibantu oleh,guru supriyani rasa laku pukul murid baik lapor balik polda mabes pulih nama baik yakin bantu
pakde apakah siap jadi khalifah,pakde siap jadi khalifah
ini parahini parahini parah harus dilakukan penegakan hukum yg adil,parahini parahini parah laku tega hukum adil
internal kepolisian krn viral dan bkin gaduh di masyarakat akhirnya masalah jdi membumi baiknya paminal mabes polri turun tangan,internal polisi viral bkin gaduh masyarakat akhir masalah jdi bumi baik paminal mabes polri turun tangan
